{
  "n_estimators": 1337,
  "learning_rate": 0.0233407808142287,
  "num_leaves": 94,
  "min_child_samples": 10,
  "subsample": 0.9168158853429248,
  "colsample_bytree": 0.5447102482819586,
  "reg_alpha": 1.6385605820368512,
  "reg_lambda": 0.8900276371461506,
  "max_depth": -1,
  "random_state": 42,
  "n_jobs": -1,
  "verbose": -1
}